{"cameraMode":{"drawMode":0,"name":"Shaded","section":"Shading Mode"},"sceneLighting":false,"audioPlay":false,"sceneViewState":{"showFog":true,"showMaterialUpdate":false,"showSkybox":false,"showFlares":true,"showImageEffects":true,"showParticleSystems":true},"in2DMode":false,"pivot":{"x":-1.4499998092651368,"y":1.1739997863769532,"z":-9.880001068115235},"rotation":{"x":0.25189870595932009,"y":0.42998600006103518,"z":-0.12565188109874726,"w":0.8580049872398377},"size":20.784608840942384,"orthographic":false}