{"cameraMode":{"drawMode":0,"name":"Shaded","section":"Shading Mode"},"sceneLighting":true,"audioPlay":false,"sceneViewState":{"showFog":true,"showMaterialUpdate":false,"showSkybox":true,"showFlares":true,"showImageEffects":true,"showParticleSystems":true},"in2DMode":false,"pivot":{"x":-2.7603302001953127,"y":4.993946075439453,"z":-10.551996231079102},"rotation":{"x":0.24072523415088654,"y":0.6315410733222961,"z":-0.21533013880252839,"w":0.7051309943199158},"size":11.782485008239746,"orthographic":false}