{"cameraMode":{"drawMode":0,"name":"Shaded","section":"Shading Mode"},"sceneLighting":true,"audioPlay":false,"sceneViewState":{"showFog":true,"showMaterialUpdate":false,"showSkybox":false,"showFlares":true,"showImageEffects":true,"showParticleSystems":true},"in2DMode":false,"pivot":{"x":19.514062881469728,"y":10.19528579711914,"z":8.291810035705567},"rotation":{"x":0.15937544405460359,"y":0.6085993647575378,"z":-0.1256290227174759,"w":0.76735520362854},"size":0.31679636240005495,"orthographic":false}