{"cameraMode":{"drawMode":0,"name":"Shaded","section":"Shading Mode"},"sceneLighting":true,"audioPlay":false,"sceneViewState":{"showFog":true,"showMaterialUpdate":false,"showSkybox":true,"showFlares":true,"showImageEffects":true,"showParticleSystems":true},"in2DMode":false,"pivot":{"x":-26.167387008666993,"y":10.597709655761719,"z":-6.421624183654785},"rotation":{"x":-0.09975387901067734,"y":-0.355508416891098,"z":0.03768446296453476,"w":-0.9288212060928345},"size":1.2424359321594239,"orthographic":false}